n_tasks,n_tokens_per_task,n_tokens_total,mutual_info,alpha,fscore
2,1000,2000,0.13,0.6,0.0884
2,1000,2000,0.17,0.65,0.0809
2,1000,2000,0.21,0.7,0.0841
2,1000,2000,0.27,0.75,0.1005
2,1000,2000,0.34,0.8,0.1106
2,1000,2000,0.43,0.85,0.1197
2,1000,2000,0.55,0.9,0.1121
2,1000,2000,0.57,0.91,0.1189
2,1000,2000,0.6,0.92,0.1254
2,1000,2000,0.63,0.93,0.1076
2,1000,2000,0.68,0.94,0.1484
2,1000,2000,0.71,0.95,0.1264
2,1000,2000,0.75,0.96,0.1337
2,1000,2000,0.8,0.97,0.127
2,1000,2000,0.85,0.98,0.1227
2,1000,2000,0.91,0.99,0.1342
2,1000,2000,1,1,0.1497
2,1000,2000,0.13,0.6,0.0854
2,1000,2000,0.17,0.65,0.087
2,1000,2000,0.21,0.7,0.0914
2,1000,2000,0.27,0.75,0.0944
2,1000,2000,0.34,0.8,0.1178
2,1000,2000,0.43,0.85,0.1048
2,1000,2000,0.55,0.9,0.1121
2,1000,2000,0.57,0.91,0.1434
2,1000,2000,0.6,0.92,0.1134
2,1000,2000,0.63,0.93,0.1306
2,1000,2000,0.68,0.94,0.1591
2,1000,2000,0.71,0.95,0.133
2,1000,2000,0.75,0.96,0.1516
2,1000,2000,0.8,0.97,0.123
2,1000,2000,0.85,0.98,0.1423
2,1000,2000,0.91,0.99,0.1548
2,1000,2000,1,1,0.1547
2,1000,2000,0.13,0.6,0.091
2,1000,2000,0.17,0.65,0.0756
2,1000,2000,0.21,0.7,0.0891
2,1000,2000,0.27,0.75,0.101
2,1000,2000,0.34,0.8,0.1176
2,1000,2000,0.43,0.85,0.1155
2,1000,2000,0.55,0.9,0.1153
2,1000,2000,0.57,0.91,0.1374
2,1000,2000,0.6,0.92,0.1071
2,1000,2000,0.63,0.93,0.1206
2,1000,2000,0.68,0.94,0.1523
2,1000,2000,0.71,0.95,0.1335
2,1000,2000,0.75,0.96,0.1507
2,1000,2000,0.8,0.97,0.1267
2,1000,2000,0.85,0.98,0.1424
2,1000,2000,0.91,0.99,0.1496
2,1000,2000,1,1,0.1484
2,5000,10000,0.13,0.6,0.3558
2,5000,10000,0.17,0.65,0.3444
2,5000,10000,0.21,0.7,0.3387
2,5000,10000,0.27,0.75,0.3842
2,5000,10000,0.34,0.8,0.407
2,5000,10000,0.43,0.85,0.4753
2,5000,10000,0.55,0.9,0.5152
2,5000,10000,0.57,0.91,0.5095
2,5000,10000,0.6,0.92,0.5038
2,5000,10000,0.63,0.93,0.5253
2,5000,10000,0.68,0.94,0.5197
2,5000,10000,0.71,0.95,0.585
2,5000,10000,0.75,0.96,0.5834
2,5000,10000,0.8,0.97,0.5828
2,5000,10000,0.85,0.98,0.5849
2,5000,10000,0.91,0.99,0.6144
2,5000,10000,1,1,0.6405
2,5000,10000,0.13,0.6,0.3407
2,5000,10000,0.17,0.65,0.3439
2,5000,10000,0.21,0.7,0.3463
2,5000,10000,0.27,0.75,0.368
2,5000,10000,0.34,0.8,0.4044
2,5000,10000,0.43,0.85,0.4602
2,5000,10000,0.55,0.9,0.5014
2,5000,10000,0.57,0.91,0.4941
2,5000,10000,0.6,0.92,0.5053
2,5000,10000,0.63,0.93,0.5455
2,5000,10000,0.68,0.94,0.5329
2,5000,10000,0.71,0.95,0.5458
2,5000,10000,0.75,0.96,0.5963
2,5000,10000,0.8,0.97,0.5614
2,5000,10000,0.85,0.98,0.6051
2,5000,10000,0.91,0.99,0.585
2,5000,10000,1,1,0.6125
2,5000,10000,0.13,0.6,0.3237
2,5000,10000,0.17,0.65,0.3385
2,5000,10000,0.21,0.7,0.3382
2,5000,10000,0.27,0.75,0.3757
2,5000,10000,0.34,0.8,0.3754
2,5000,10000,0.43,0.85,0.4223
2,5000,10000,0.55,0.9,0.4624
2,5000,10000,0.57,0.91,0.4796
2,5000,10000,0.6,0.92,0.4895
2,5000,10000,0.63,0.93,0.5158
2,5000,10000,0.68,0.94,0.5245
2,5000,10000,0.71,0.95,0.5062
2,5000,10000,0.75,0.96,0.5712
2,5000,10000,0.8,0.97,0.5694
2,5000,10000,0.85,0.98,0.5888
2,5000,10000,0.91,0.99,0.6164
2,5000,10000,1,1,0.6297
2,10000,20000,0.13,0.6,0.5937
2,10000,20000,0.17,0.65,0.6279
2,10000,20000,0.21,0.7,0.6337
2,10000,20000,0.27,0.75,0.6301
2,10000,20000,0.34,0.8,0.6698
2,10000,20000,0.43,0.85,0.6666
2,10000,20000,0.55,0.9,0.6862
2,10000,20000,0.57,0.91,0.6854
2,10000,20000,0.6,0.92,0.7102
2,10000,20000,0.63,0.93,0.7056
2,10000,20000,0.68,0.94,0.7053
2,10000,20000,0.71,0.95,0.7032
2,10000,20000,0.75,0.96,0.7137
2,10000,20000,0.8,0.97,0.724
2,10000,20000,0.85,0.98,0.6989
2,10000,20000,0.91,0.99,0.7319
2,10000,20000,1,1,0.7385
2,10000,20000,0.13,0.6,0.56
2,10000,20000,0.17,0.65,0.5633
2,10000,20000,0.21,0.7,0.6041
2,10000,20000,0.27,0.75,0.6333
2,10000,20000,0.34,0.8,0.6607
2,10000,20000,0.43,0.85,0.6561
2,10000,20000,0.55,0.9,0.6754
2,10000,20000,0.57,0.91,0.6772
2,10000,20000,0.6,0.92,0.6887
2,10000,20000,0.63,0.93,0.6965
2,10000,20000,0.68,0.94,0.6909
2,10000,20000,0.71,0.95,0.7
2,10000,20000,0.75,0.96,0.7121
2,10000,20000,0.8,0.97,0.7124
2,10000,20000,0.85,0.98,0.7087
2,10000,20000,0.91,0.99,0.732
2,10000,20000,1,1,0.7414
2,10000,20000,0.13,0.6,0.5797
2,10000,20000,0.17,0.65,0.5616
2,10000,20000,0.21,0.7,0.5752
2,10000,20000,0.27,0.75,0.6115
2,10000,20000,0.34,0.8,0.6372
2,10000,20000,0.43,0.85,0.6562
2,10000,20000,0.55,0.9,0.6591
2,10000,20000,0.57,0.91,0.6666
2,10000,20000,0.6,0.92,0.6694
2,10000,20000,0.63,0.93,0.6724
2,10000,20000,0.68,0.94,0.685
2,10000,20000,0.71,0.95,0.6823
2,10000,20000,0.75,0.96,0.6983
2,10000,20000,0.8,0.97,0.7097
2,10000,20000,0.85,0.98,0.7068
2,10000,20000,0.91,0.99,0.7268
2,10000,20000,1,1,0.7401
1,1000,1000,1,1,0.0585
1,2000,2000,1,1,0.1664
1,3000,3000,1,1,0.3375
1,4000,4000,1,1,0.4157
1,5000,5000,1,1,0.4412
1,6000,6000,1,1,0.5453
1,7000,7000,1,1,0.586
1,8000,8000,1,1,0.5972
1,9000,9000,1,1,0.6427
1,10000,10000,1,1,0.6875
1,20000,20000,1,1,0.746
1,40000,40000,1,1,0.788
2,1000,2000,1,1,0.1394
2,2000,4000,1,1,0.4164
2,3000,6000,1,1,0.5329
2,4000,8000,1,1,0.5931
2,5000,10000,1,1,0.5763
2,6000,12000,1,1,0.7058
2,7000,14000,1,1,0.72
2,8000,16000,1,1,0.7089
2,9000,18000,1,1,0.7282
2,10000,20000,1,1,0.7351
2,20000,40000,1,1,0.789
2,1000,2000,0.85,0.98,0.148
2,2000,4000,0.85,0.98,0.3497
2,3000,6000,0.85,0.98,0.4669
2,4000,8000,0.85,0.98,0.562
2,5000,10000,0.85,0.98,0.6002
2,6000,12000,0.85,0.98,0.6627
2,7000,14000,0.85,0.98,0.6915
2,8000,16000,0.85,0.98,0.6905
2,9000,18000,0.85,0.98,0.702
2,10000,20000,0.85,0.98,0.7217
2,20000,40000,0.85,0.98,0.7684
2,1000,2000,0.55,0.9,0.1164
2,2000,4000,0.55,0.9,0.2602
2,3000,6000,0.55,0.9,0.4371
2,4000,8000,0.55,0.9,0.4775
2,5000,10000,0.55,0.9,0.4094
2,6000,12000,0.55,0.9,0.5847
2,7000,14000,0.55,0.9,0.6311
2,8000,16000,0.55,0.9,0.6332
2,9000,18000,0.55,0.9,0.6552
2,10000,20000,0.55,0.9,0.6891
2,20000,40000,0.55,0.9,0.7308
2,1000,2000,0.34,0.8,0.109
2,2000,4000,0.34,0.8,0.2409
2,3000,6000,0.34,0.8,0.3808
2,4000,8000,0.34,0.8,0.3623
2,5000,10000,0.34,0.8,0.4267
2,6000,12000,0.34,0.8,0.5153
2,7000,14000,0.34,0.8,0.5626
2,8000,16000,0.34,0.8,0.5766
2,9000,18000,0.34,0.8,0.5795
2,10000,20000,0.34,0.8,0.6573
2,20000,40000,0.34,0.8,0.6997
1,1000,1000,1,1,0.0579
1,2000,2000,1,1,0.171
1,3000,3000,1,1,0.3502
1,4000,4000,1,1,0.4143
1,5000,5000,1,1,0.4472
1,6000,6000,1,1,0.5401
1,7000,7000,1,1,0.5835
1,8000,8000,1,1,0.5946
1,9000,9000,1,1,0.6418
1,10000,10000,1,1,0.6891
1,20000,20000,1,1,0.7443
1,40000,40000,1,1,0.7856
2,1000,2000,1,1,0.1496
2,2000,4000,1,1,0.4133
2,3000,6000,1,1,0.5391
2,4000,8000,1,1,0.5908
2,5000,10000,1,1,0.6262
2,6000,12000,1,1,0.7064
2,7000,14000,1,1,0.7158
2,8000,16000,1,1,0.7309
2,9000,18000,1,1,0.7392
2,10000,20000,1,1,0.7408
2,20000,40000,1,1,0.7888
2,1000,2000,0.85,0.98,0.166
2,2000,4000,0.85,0.98,0.3752
2,3000,6000,0.85,0.98,0.5301
2,4000,8000,0.85,0.98,0.5638
2,5000,10000,0.85,0.98,0.5599
2,6000,12000,0.85,0.98,0.6629
2,7000,14000,0.85,0.98,0.6892
2,8000,16000,0.85,0.98,0.7042
2,9000,18000,0.85,0.98,0.7091
2,10000,20000,0.85,0.98,0.722
2,20000,40000,0.85,0.98,0.7601
2,1000,2000,0.55,0.9,0.1133
2,2000,4000,0.55,0.9,0.2977
2,3000,6000,0.55,0.9,0.4163
2,4000,8000,0.55,0.9,0.4598
2,5000,10000,0.55,0.9,0.452
2,6000,12000,0.55,0.9,0.5653
2,7000,14000,0.55,0.9,0.618
2,8000,16000,0.55,0.9,0.6336
2,9000,18000,0.55,0.9,0.6637
2,10000,20000,0.55,0.9,0.6665
2,20000,40000,0.55,0.9,0.7278
2,1000,2000,0.34,0.8,0.1144
2,2000,4000,0.34,0.8,0.2679
2,3000,6000,0.34,0.8,0.3945
2,4000,8000,0.34,0.8,0.4151
2,5000,10000,0.34,0.8,0.4222
2,6000,12000,0.34,0.8,0.5144
2,7000,14000,0.34,0.8,0.549
2,8000,16000,0.34,0.8,0.59
2,9000,18000,0.34,0.8,0.6133
2,10000,20000,0.34,0.8,0.6282
2,20000,40000,0.34,0.8,0.6886
1,1000,1000,1,1,0.0547
1,2000,2000,1,1,0.1592
1,3000,3000,1,1,0.3534
1,4000,4000,1,1,0.41
1,5000,5000,1,1,0.4325
1,6000,6000,1,1,0.5455
1,7000,7000,1,1,0.5861
1,8000,8000,1,1,0.5932
1,9000,9000,1,1,0.6421
1,10000,10000,1,1,0.6899
1,20000,20000,1,1,0.7455
1,40000,40000,1,1,0.7857
2,1000,2000,1,1,0.1554
2,2000,4000,1,1,0.4182
2,3000,6000,1,1,0.5369
2,4000,8000,1,1,0.5807
2,5000,10000,1,1,0.5699
2,6000,12000,1,1,0.7034
2,7000,14000,1,1,0.7224
2,8000,16000,1,1,0.7255
2,9000,18000,1,1,0.7293
2,10000,20000,1,1,0.745
2,20000,40000,1,1,0.7877
2,1000,2000,0.85,0.98,0.1371
2,2000,4000,0.85,0.98,0.3616
2,3000,6000,0.85,0.98,0.528
2,4000,8000,0.85,0.98,0.532
2,5000,10000,0.85,0.98,0.6126
2,6000,12000,0.85,0.98,0.674
2,7000,14000,0.85,0.98,0.6701
2,8000,16000,0.85,0.98,0.7092
2,9000,18000,0.85,0.98,0.7046
2,10000,20000,0.85,0.98,0.7169
2,20000,40000,0.85,0.98,0.7746
2,1000,2000,0.55,0.9,0.1279
2,2000,4000,0.55,0.9,0.2896
2,3000,6000,0.55,0.9,0.4122
2,4000,8000,0.55,0.9,0.4288
2,5000,10000,0.55,0.9,0.4712
2,6000,12000,0.55,0.9,0.581
2,7000,14000,0.55,0.9,0.6092
2,8000,16000,0.55,0.9,0.6137
2,9000,18000,0.55,0.9,0.6397
2,10000,20000,0.55,0.9,0.6648
2,20000,40000,0.55,0.9,0.7329
2,1000,2000,0.34,0.8,0.1014
2,2000,4000,0.34,0.8,0.2708
2,3000,6000,0.34,0.8,0.3807
2,4000,8000,0.34,0.8,0.4061
2,5000,10000,0.34,0.8,0.428
2,6000,12000,0.34,0.8,0.5047
2,7000,14000,0.34,0.8,0.5241
2,8000,16000,0.34,0.8,0.5923
2,9000,18000,0.34,0.8,0.5814
2,10000,20000,0.34,0.8,0.6159
2,20000,40000,0.34,0.8,0.6946
2,1000,2000,0,0.2,0.0646
2,2000,4000,0,0.2,0.1974
2,3000,6000,0,0.2,0.2706
2,4000,8000,0,0.2,0.2902
2,5000,10000,0,0.2,0.3158
2,6000,12000,0,0.2,0.3889
2,7000,14000,0,0.2,0.4393
2,8000,16000,0,0.2,0.4919
2,9000,18000,0,0.2,0.5381
2,10000,20000,0,0.2,0.6013
2,20000,40000,0,0.2,0.6192
5,1000,5000,0,0.2,0.0656
5,2000,10000,0,0.2,0.1167
5,3000,15000,0,0.2,0.1716
5,4000,20000,0,0.2,0.2155
5,5000,25000,0,0.2,0.2093
5,6000,30000,0,0.2,0.2943
5,7000,35000,0,0.2,0.3087
5,8000,40000,0,0.2,0.3614
5,9000,45000,0,0.2,0.4277
5,10000,50000,0,0.2,0.4302
5,20000,100000,0,0.2,0.4873
1,1000,1000,1,1,0.0798
2,1000,2000,1,1,0.114
3,1000,3000,1,1,0.3077
4,1000,4000,1,1,0.3616
5,1000,5000,1,1,0.3957
6,1000,6000,1,1,0.4915
7,1000,7000,1,1,0.51
8,1000,8000,1,1,0.5169
9,1000,9000,1,1,0.5449
10,1000,10000,1,1,0.5263
1,1000,1000,1,1,0.0621
2,1000,2000,1,1,0.1505
3,1000,3000,1,1,0.312
4,1000,4000,1,1,0.3755
5,1000,5000,1,1,0.4022
6,1000,6000,1,1,0.5032
7,1000,7000,1,1,0.5015
8,1000,8000,1,1,0.5358
9,1000,9000,1,1,0.5607
10,1000,10000,1,1,0.5597
1,1000,1000,1,1,0.059
2,1000,2000,1,1,0.1575
3,1000,3000,1,1,0.3023
4,1000,4000,1,1,0.3942
5,1000,5000,1,1,0.4134
6,1000,6000,1,1,0.5026
7,1000,7000,1,1,0.5215
8,1000,8000,1,1,0.573
9,1000,9000,1,1,0.6132
10,1000,10000,1,1,0.6182
1,1000,1000,1,1,0.064
2,1000,2000,1,1,0.1668
3,1000,3000,1,1,0.301
4,1000,4000,1,1,0.3758
5,1000,5000,1,1,0.4019
6,1000,6000,1,1,0.4845
7,1000,7000,1,1,0.501
8,1000,8000,1,1,0.5416
9,1000,9000,1,1,0.5919
10,1000,10000,1,1,0.5791
1,5000,5000,1,1,0.4458
2,5000,10000,1,1,0.5797
3,5000,15000,1,1,0.6406
4,5000,20000,1,1,0.6643
5,5000,25000,1,1,0.6833
6,5000,30000,1,1,0.7022
7,5000,35000,1,1,0.7178
8,5000,40000,1,1,0.7237
9,5000,45000,1,1,0.7391
10,5000,50000,1,1,0.7453
1,5000,5000,1,1,0.4314
2,5000,10000,1,1,0.6039
3,5000,15000,1,1,0.6729
4,5000,20000,1,1,0.7231
5,5000,25000,1,1,0.7381
6,5000,30000,1,1,0.7353
7,5000,35000,1,1,0.7731
8,5000,40000,1,1,0.7809
9,5000,45000,1,1,0.7882
10,5000,50000,1,1,0.7839
1,5000,5000,1,1,0.4426
2,5000,10000,1,1,0.6068
3,5000,15000,1,1,0.658
4,5000,20000,1,1,0.7202
5,5000,25000,1,1,0.7462
6,5000,30000,1,1,0.7592
7,5000,35000,1,1,0.7713
8,5000,40000,1,1,0.7844
9,5000,45000,1,1,0.7978
10,5000,50000,1,1,0.804
1,5000,5000,1,1,0.4345
2,5000,10000,1,1,0.5818
3,5000,15000,1,1,0.7115
4,5000,20000,1,1,0.726
5,5000,25000,1,1,0.7257
6,5000,30000,1,1,0.7587
7,5000,35000,1,1,0.7782
8,5000,40000,1,1,0.7888
9,5000,45000,1,1,0.7975
10,5000,50000,1,1,0.807
1,1000,1000,0.75,0.96,0.074
2,1000,2000,0.75,0.96,0.1138
3,1000,3000,0.75,0.96,0.2525
4,1000,4000,0.75,0.96,0.2773
5,1000,5000,0.75,0.96,0.2681
6,1000,6000,0.75,0.96,0.3768
7,1000,7000,0.75,0.96,0.4314
8,1000,8000,0.75,0.96,0.4516
9,1000,9000,0.75,0.96,0.4707
10,1000,10000,0.75,0.96,0.4598
1,1000,1000,0.75,0.96,0.0644
2,1000,2000,0.75,0.96,0.1401
3,1000,3000,0.75,0.96,0.2195
4,1000,4000,0.75,0.96,0.2868
5,1000,5000,0.75,0.96,0.284
6,1000,6000,0.75,0.96,0.4337
7,1000,7000,0.75,0.96,0.3867
8,1000,8000,0.75,0.96,0.4705
9,1000,9000,0.75,0.96,0.5125
10,1000,10000,0.75,0.96,0.5251
1,1000,1000,0.75,0.96,0.0629
2,1000,2000,0.75,0.96,0.1515
3,1000,3000,0.75,0.96,0.2006
4,1000,4000,0.75,0.96,0.2638
5,1000,5000,0.75,0.96,0.2846
6,1000,6000,0.75,0.96,0.39
7,1000,7000,0.75,0.96,0.4539
8,1000,8000,0.75,0.96,0.3966
9,1000,9000,0.75,0.96,0.5316
10,1000,10000,0.75,0.96,0.507
1,1000,1000,0.75,0.96,0.0621
2,1000,2000,0.75,0.96,0.1375
3,1000,3000,0.75,0.96,0.2055
4,1000,4000,0.75,0.96,0.2721
5,1000,5000,0.75,0.96,0.2497
6,1000,6000,0.75,0.96,0.3731
7,1000,7000,0.75,0.96,0.4569
8,1000,8000,0.75,0.96,0.4777
9,1000,9000,0.75,0.96,0.5352
10,1000,10000,0.75,0.96,0.5296
1,5000,5000,0.75,0.96,0.4441
2,5000,10000,0.75,0.96,0.5165
3,5000,15000,0.75,0.96,0.5449
4,5000,20000,0.75,0.96,0.6004
5,5000,25000,0.75,0.96,0.6144
6,5000,30000,0.75,0.96,0.6416
7,5000,35000,0.75,0.96,0.635
8,5000,40000,0.75,0.96,0.6379
9,5000,45000,0.75,0.96,0.6611
10,5000,50000,0.75,0.96,0.6772
1,5000,5000,0.75,0.96,0.4438
2,5000,10000,0.75,0.96,0.5645
3,5000,15000,0.75,0.96,0.5895
4,5000,20000,0.75,0.96,0.6323
5,5000,25000,0.75,0.96,0.6356
6,5000,30000,0.75,0.96,0.671
7,5000,35000,0.75,0.96,0.6837
8,5000,40000,0.75,0.96,0.7139
9,5000,45000,0.75,0.96,0.7145
10,5000,50000,0.75,0.96,0.7205
1,5000,5000,0.75,0.96,0.4387
2,5000,10000,0.75,0.96,0.5288
3,5000,15000,0.75,0.96,0.605
4,5000,20000,0.75,0.96,0.6242
5,5000,25000,0.75,0.96,0.6296
6,5000,30000,0.75,0.96,0.6842
7,5000,35000,0.75,0.96,0.6981
8,5000,40000,0.75,0.96,0.7088
9,5000,45000,0.75,0.96,0.7171
10,5000,50000,0.75,0.96,0.7118
1,5000,5000,0.75,0.96,0.4374
2,5000,10000,0.75,0.96,0.5192
3,5000,15000,0.75,0.96,0.5771
4,5000,20000,0.75,0.96,0.6381
5,5000,25000,0.75,0.96,0.6344
6,5000,30000,0.75,0.96,0.6702
7,5000,35000,0.75,0.96,0.7045
8,5000,40000,0.75,0.96,0.6901
9,5000,45000,0.75,0.96,0.7087
10,5000,50000,0.55,0.9,0.7273
1,1000,1000,0.55,0.9,0.0729
2,1000,2000,0.55,0.9,0.0991
3,1000,3000,0.55,0.9,0.2022
4,1000,4000,0.55,0.9,0.2288
5,1000,5000,0.55,0.9,0.2359
6,1000,6000,0.55,0.9,0.3058
7,1000,7000,0.55,0.9,0.3428
8,1000,8000,0.55,0.9,0.3503
9,1000,9000,0.55,0.9,0.3935
10,1000,10000,0.55,0.9,0.3867
1,1000,1000,0.55,0.9,0.0645
2,1000,2000,0.55,0.9,0.1191
3,1000,3000,0.55,0.9,0.2007
4,1000,4000,0.55,0.9,0.2556
5,1000,5000,0.55,0.9,0.2308
6,1000,6000,0.55,0.9,0.325
7,1000,7000,0.55,0.9,0.3687
8,1000,8000,0.55,0.9,0.2977
9,1000,9000,0.55,0.9,0.4227
10,1000,10000,0.55,0.9,0.4221
1,1000,1000,0.55,0.9,0.0594
2,1000,2000,0.55,0.9,0.1153
3,1000,3000,0.55,0.9,0.1917
4,1000,4000,0.55,0.9,0.2519
5,1000,5000,0.55,0.9,0.2639
6,1000,6000,0.55,0.9,0.2878
7,1000,7000,0.55,0.9,0.3806
8,1000,8000,0.55,0.9,0.3911
9,1000,9000,0.55,0.9,0.3505
10,1000,10000,0.55,0.9,0.4098
1,1000,1000,0.55,0.9,0.0624
2,1000,2000,0.55,0.9,0.1097
3,1000,3000,0.55,0.9,0.1915
4,1000,4000,0.55,0.9,0.2568
5,1000,5000,0.55,0.9,0.2642
6,1000,6000,0.55,0.9,0.2837
7,1000,7000,0.55,0.9,0.356
8,1000,8000,0.55,0.9,0.3895
9,1000,9000,0.55,0.9,0.4292
10,1000,10000,0.55,0.9,0.4196
1,5000,5000,0.55,0.9,0.4535
2,5000,10000,0.55,0.9,0.4992
3,5000,15000,0.55,0.9,0.5004
4,5000,20000,0.55,0.9,0.5194
5,5000,25000,0.55,0.9,0.5395
6,5000,30000,0.55,0.9,0.5611
7,5000,35000,0.55,0.9,0.5865
8,5000,40000,0.55,0.9,0.5986
9,5000,45000,0.55,0.9,0.594
10,5000,50000,0.55,0.9,0.6022
1,5000,5000,0.55,0.9,0.4351
2,5000,10000,0.55,0.9,0.4691
3,5000,15000,0.55,0.9,0.4857
4,5000,20000,0.55,0.9,0.5152
5,5000,25000,0.55,0.9,0.5409
6,5000,30000,0.55,0.9,0.5696
7,5000,35000,0.55,0.9,0.5798
8,5000,40000,0.55,0.9,0.6315
9,5000,45000,0.55,0.9,0.6262
10,5000,50000,0.55,0.9,0.6381
1,5000,5000,0.55,0.9,0.4527
2,5000,10000,0.55,0.9,0.4353
3,5000,15000,0.55,0.9,0.4839
4,5000,20000,0.55,0.9,0.4847
5,5000,25000,0.55,0.9,0.524
6,5000,30000,0.55,0.9,0.5827
7,5000,35000,0.55,0.9,0.6079
8,5000,40000,0.55,0.9,0.6288
9,5000,45000,0.55,0.9,0.6436
10,5000,50000,0.55,0.9,0.6463
1,1000,1000,0.21,0.7,0.0682
2,1000,2000,0.21,0.7,0.0757
3,1000,3000,0.21,0.7,0.1313
4,1000,4000,0.21,0.7,0.1622
5,1000,5000,0.21,0.7,0.1471
6,1000,6000,0.21,0.7,0.1645
7,1000,7000,0.21,0.7,0.207
8,1000,8000,0.21,0.7,0.2051
9,1000,9000,0.21,0.7,0.2171
10,1000,10000,0.21,0.7,0.2338
1,1000,1000,0.21,0.7,0.0597
2,1000,2000,0.21,0.7,0.0941
3,1000,3000,0.21,0.7,0.1532
4,1000,4000,0.21,0.7,0.1981
5,1000,5000,0.21,0.7,0.1875
6,1000,6000,0.21,0.7,0.2188
7,1000,7000,0.21,0.7,0.2596
8,1000,8000,0.21,0.7,0.2605
9,1000,9000,0.21,0.7,0.2272
10,1000,10000,0.21,0.7,0.2179
1,1000,1000,0.21,0.7,0.0597
2,1000,2000,0.21,0.7,0.1018
3,1000,3000,0.21,0.7,0.1695
4,1000,4000,0.21,0.7,0.1883
5,1000,5000,0.21,0.7,0.1938
6,1000,6000,0.21,0.7,0.2107
7,1000,7000,0.21,0.7,0.2258
8,1000,8000,0.21,0.7,0.2309
9,1000,9000,0.21,0.7,0.2538
10,1000,10000,0.21,0.7,0.2232
1,1000,1000,0.21,0.7,0.0581
2,1000,2000,0.21,0.7,0.1085
3,1000,3000,0.21,0.7,0.1645
4,1000,4000,0.21,0.7,0.1809
5,1000,5000,0.21,0.7,0.1743
6,1000,6000,0.21,0.7,0.2054
7,1000,7000,0.21,0.7,0.224
8,1000,8000,0.21,0.7,0.2353
9,1000,9000,0.21,0.7,0.2266
10,1000,10000,0.21,0.7,0.2222
1,5000,5000,0.21,0.7,0.4504
2,5000,10000,0.21,0.7,0.3873
3,5000,15000,0.21,0.7,0.3898
4,5000,20000,0.21,0.7,0.3931
5,5000,25000,0.21,0.7,0.3916
6,5000,30000,0.21,0.7,0.4139
7,5000,35000,0.21,0.7,0.4102
8,5000,40000,0.21,0.7,0.4243
9,5000,45000,0.21,0.7,0.4467
10,5000,50000,0.21,0.7,0.4558
1,5000,5000,0.21,0.7,0.4279
2,5000,10000,0.21,0.7,0.3778
3,5000,15000,0.21,0.7,0.3566
4,5000,20000,0.21,0.7,0.3824
5,5000,25000,0.21,0.7,0.4047
6,5000,30000,0.21,0.7,0.4017
7,5000,35000,0.21,0.7,0.4253
8,5000,40000,0.21,0.7,0.4207
9,5000,45000,0.21,0.7,0.4403
10,5000,50000,0.21,0.7,0.4523
1,5000,5000,0.21,0.7,0.4328
2,5000,10000,0.21,0.7,0.3596
3,5000,15000,0.21,0.7,0.3878
4,5000,20000,0.21,0.7,0.3505
5,5000,25000,0.21,0.7,0.3682
6,5000,30000,0.21,0.7,0.378
7,5000,35000,0.21,0.7,0.4109
8,5000,40000,0.21,0.7,0.4205
9,5000,45000,0.21,0.7,0.4369
10,5000,50000,0.21,0.7,0.4239
1,5000,5000,0.21,0.7,0.4313
2,5000,10000,0.21,0.7,0.3533
3,5000,15000,0.21,0.7,0.3467
4,5000,20000,0.21,0.7,0.3525
5,5000,25000,0.21,0.7,0.3605
6,5000,30000,0.21,0.7,0.3718
7,5000,35000,0.21,0.7,0.3745
8,5000,40000,0.21,0.7,0.395
9,5000,45000,0.21,0.7,0.3996
10,5000,50000,0.21,0.7,0.422
1,1000,1000,0,0.2,0.0745
2,1000,2000,0,0.2,0.0283
3,1000,3000,0,0.2,0.0234
4,1000,4000,0,0.2,0.0266
5,1000,5000,0,0.2,0.0238
6,1000,6000,0,0.2,0.0258
7,1000,7000,0,0.2,0.0257
8,1000,8000,0,0.2,0.0253
9,1000,9000,0,0.2,0.0259
10,1000,10000,0,0.2,0.0239
1,1000,1000,0,0.2,0.0645
2,1000,2000,0,0.2,0.0277
3,1000,3000,0,0.2,0.0268
4,1000,4000,0,0.2,0.0277
5,1000,5000,0,0.2,0.0243
6,1000,6000,0,0.2,0.0288
7,1000,7000,0,0.2,0.0258
8,1000,8000,0,0.2,0.0255
9,1000,9000,0,0.2,0.0266
10,1000,10000,0,0.2,0.0256
1,1000,1000,0,0.2,0.0572
2,1000,2000,0,0.2,0.0279
3,1000,3000,0,0.2,0.0251
4,1000,4000,0,0.2,0.0231
5,1000,5000,0,0.2,0.0238
6,1000,6000,0,0.2,0.0271
7,1000,7000,0,0.2,0.0254
8,1000,8000,0,0.2,0.0276
9,1000,9000,0,0.2,0.0236
10,1000,10000,0,0.2,0.0231
1,1000,1000,0,0.2,0.0617
2,1000,2000,0,0.2,0.0274
3,1000,3000,0,0.2,0.0271
4,1000,4000,0,0.2,0.0262
5,1000,5000,0,0.2,0.0248
6,1000,6000,0,0.2,0.0302
7,1000,7000,0,0.2,0.0247
8,1000,8000,0,0.2,0.0239
9,1000,9000,0,0.2,0.0267
10,1000,10000,0,0.2,0.0265
2,11000,22000,1,1,0.7527
2,12000,24000,1,1,0.7568
2,13000,26000,1,1,0.7592
2,14000,28000,1,1,0.7578
2,15000,30000,1,1,0.7607
2,16000,32000,1,1,0.7648
2,17000,34000,1,1,0.7726
2,18000,36000,1,1,0.7757
2,19000,38000,1,1,0.7826
2,11000,22000,0.34,0.8,0.6556
2,12000,24000,0.34,0.8,0.6778
2,13000,26000,0.34,0.8,0.6878
2,14000,28000,0.34,0.8,0.6918
2,15000,30000,0.34,0.8,0.6811
2,16000,32000,0.34,0.8,0.6853
2,17000,34000,0.34,0.8,0.6869
2,18000,36000,0.34,0.8,0.6958
2,19000,38000,0.34,0.8,0.7005
2,11000,22000,0.55,0.9,0.7005
2,12000,24000,0.55,0.9,0.7186
2,13000,26000,0.55,0.9,0.7184
2,14000,28000,0.55,0.9,0.7102
2,15000,30000,0.55,0.9,0.7159
2,16000,32000,0.55,0.9,0.7244
2,17000,34000,0.55,0.9,0.7165
2,18000,36000,0.55,0.9,0.6996
2,19000,38000,0.55,0.9,0.7338
2,11000,22000,0.55,0.9,0.7422
2,12000,24000,0.85,0.98,0.7456
2,13000,26000,0.85,0.98,0.7468
2,14000,28000,0.85,0.98,0.7493
2,15000,30000,0.85,0.98,0.7527
2,16000,32000,0.85,0.98,0.7538
2,17000,34000,0.85,0.98,0.7621
2,18000,36000,0.85,0.98,0.7584
2,19000,38000,0.85,0.98,0.7755
2,11000,22000,1,1,0.7393
2,12000,24000,1,1,0.7411
2,13000,26000,1,1,0.7413
2,14000,28000,1,1,0.7476
2,15000,30000,1,1,0.7559
2,16000,32000,1,1,0.7573
2,17000,34000,1,1,0.761
2,18000,36000,1,1,0.7648
2,19000,38000,1,1,0.7726
2,11000,22000,0.34,0.8,0.6548
2,12000,24000,0.34,0.8,0.6603
2,13000,26000,0.34,0.8,0.6745
2,14000,28000,0.34,0.8,0.6819
2,15000,30000,0.34,0.8,0.694
2,16000,32000,0.34,0.8,0.6871
2,17000,34000,0.34,0.8,0.6849
2,18000,36000,0.34,0.8,0.6945
2,19000,38000,0.34,0.8,0.6945
2,11000,22000,0.55,0.9,0.6841
2,12000,24000,0.55,0.9,0.708
2,13000,26000,0.55,0.9,0.7108
2,14000,28000,0.55,0.9,0.7077
2,15000,30000,0.55,0.9,0.714
2,16000,32000,0.55,0.9,0.7054
2,17000,34000,0.55,0.9,0.7104
2,18000,36000,0.55,0.9,0.6833
2,19000,38000,0.55,0.9,0.7313
2,11000,22000,0.55,0.9,0.7485
2,12000,24000,0.85,0.98,0.7429
2,13000,26000,0.85,0.98,0.7416
2,14000,28000,0.85,0.98,0.7518
2,15000,30000,0.85,0.98,0.75
2,16000,32000,0.85,0.98,0.7251
2,17000,34000,0.85,0.98,0.7369
2,18000,36000,0.85,0.98,0.7555
2,19000,38000,0.85,0.98,0.7669
1,2000,2000,1,1,0.1596
2,2000,4000,1,1,0.4088
3,2000,6000,1,1,0.5241
4,2000,8000,1,1,0.5737
5,2000,10000,1,1,0.6561
6,2000,12000,1,1,0.6492
7,2000,14000,1,1,0.6645
8,2000,16000,1,1,0.6884
9,2000,18000,1,1,0.6609
10,2000,20000,1,1,0.6613
11,2000,22000,1,1,0.6821
12,2000,24000,1,1,0.6843
13,2000,26000,1,1,0.693
14,2000,28000,1,1,0.6725
15,2000,30000,1,1,0.669
1,2000,2000,0.8,0.97,0.1522
2,2000,4000,0.8,0.97,0.3522
3,2000,6000,0.8,0.97,0.4821
4,2000,8000,0.8,0.97,0.5148
5,2000,10000,0.8,0.97,0.5542
6,2000,12000,0.8,0.97,0.5988
7,2000,14000,0.8,0.97,0.5843
8,2000,16000,0.8,0.97,0.6211
9,2000,18000,0.8,0.97,0.582
10,2000,20000,0.8,0.97,0.5779
11,2000,22000,0.8,0.97,0.618
12,2000,24000,0.8,0.97,0.5733
13,2000,26000,0.8,0.97,0.6027
14,2000,28000,0.8,0.97,0.6585
15,2000,30000,0.8,0.97,0.6506
1,2000,2000,0.6,0.92,0.1688
2,2000,4000,0.6,0.92,0.3025
3,2000,6000,0.6,0.92,0.4071
4,2000,8000,0.6,0.92,0.4316
5,2000,10000,0.6,0.92,0.4361
6,2000,12000,0.6,0.92,0.4901
7,2000,14000,0.6,0.92,0.4658
8,2000,16000,0.6,0.92,0.5146
9,2000,18000,0.6,0.92,0.4481
10,2000,20000,0.6,0.92,0.5052
11,2000,22000,0.6,0.92,0.5069
12,2000,24000,0.6,0.92,0.5411
13,2000,26000,0.6,0.92,0.5667
14,2000,28000,0.6,0.92,0.5464
15,2000,30000,0.6,0.92,0.5469
1,2000,2000,0.43,0.85,0.1686
2,2000,4000,0.43,0.85,0.2609
3,2000,6000,0.43,0.85,0.3152
4,2000,8000,0.43,0.85,0.3813
5,2000,10000,0.43,0.85,0.391
6,2000,12000,0.43,0.85,0.4284
7,2000,14000,0.43,0.85,0.3979
8,2000,16000,0.43,0.85,0.4429
9,2000,18000,0.43,0.85,0.4631
10,2000,20000,0.43,0.85,0.4799
11,2000,22000,0.43,0.85,0.4657
12,2000,24000,0.43,0.85,0.482
13,2000,26000,0.43,0.85,0.4875
14,2000,28000,0.43,0.85,0.4932
15,2000,30000,0.43,0.85,0.4853
1,2000,2000,0.21,0.7,0.1704
2,2000,4000,0.21,0.7,0.232
3,2000,6000,0.21,0.7,0.2556
4,2000,8000,0.21,0.7,0.2629
5,2000,10000,0.21,0.7,0.2893
6,2000,12000,0.21,0.7,0.3069
7,2000,14000,0.21,0.7,0.283
8,2000,16000,0.21,0.7,0.3033
9,2000,18000,0.21,0.7,0.3154
10,2000,20000,0.21,0.7,0.325
11,2000,22000,0.21,0.7,0.336
12,2000,24000,0.21,0.7,0.3159
13,2000,26000,0.21,0.7,0.3619
14,2000,28000,0.21,0.7,0.3444
15,2000,30000,0.21,0.7,0.3318
1,3000,3000,1,1,0.3415
2,3000,6000,1,1,0.5457
3,3000,9000,1,1,0.6261
4,3000,12000,1,1,0.7094
5,3000,15000,1,1,0.7158
6,3000,18000,1,1,0.7268
7,3000,21000,1,1,0.7376
8,3000,24000,1,1,0.7338
9,3000,27000,1,1,0.7435
10,3000,30000,1,1,0.7485
11,3000,33000,1,1,0.7555
12,3000,36000,1,1,0.7679
13,3000,39000,1,1,0.771
14,3000,42000,1,1,0.782
15,3000,45000,1,1,0.79
1,3000,3000,0.8,0.97,0.3509
2,3000,6000,0.8,0.97,0.5074
3,3000,9000,0.8,0.97,0.5648
4,3000,12000,0.8,0.97,0.644
5,3000,15000,0.8,0.97,0.6506
6,3000,18000,0.8,0.97,0.6501
7,3000,21000,0.8,0.97,0.6496
8,3000,24000,0.8,0.97,0.6617
9,3000,27000,0.8,0.97,0.6603
10,3000,30000,0.8,0.97,0.6627
11,3000,33000,0.8,0.97,0.6544
12,3000,36000,0.8,0.97,0.6843
13,3000,39000,0.8,0.97,0.7085
14,3000,42000,0.8,0.97,0.703
15,3000,45000,0.8,0.97,0.7077
1,3000,3000,0.6,0.92,0.3449
2,3000,6000,0.6,0.92,0.4416
3,3000,9000,0.6,0.92,0.4869
4,3000,12000,0.6,0.92,0.4514
5,3000,15000,0.6,0.92,0.5553
6,3000,18000,0.6,0.92,0.5682
7,3000,21000,0.6,0.92,0.5918
8,3000,24000,0.6,0.92,0.5887
9,3000,27000,0.6,0.92,0.6097
10,3000,30000,0.6,0.92,0.5884
11,3000,33000,0.6,0.92,0.5866
12,3000,36000,0.6,0.92,0.6476
13,3000,39000,0.6,0.92,0.6423
14,3000,42000,0.6,0.92,0.6484
15,3000,45000,0.6,0.92,0.6387
1,3000,3000,0.43,0.85,0.3422
2,3000,6000,0.43,0.85,0.4184
3,3000,9000,0.43,0.85,0.4347
4,3000,12000,0.43,0.85,0.4478
5,3000,15000,0.43,0.85,0.4991
6,3000,18000,0.43,0.85,0.5169
7,3000,21000,0.43,0.85,0.5248
8,3000,24000,0.43,0.85,0.5259
9,3000,27000,0.43,0.85,0.5383
10,3000,30000,0.43,0.85,0.5353
11,3000,33000,0.43,0.85,0.5481
12,3000,36000,0.43,0.85,0.5594
13,3000,39000,0.43,0.85,0.5714
14,3000,42000,0.43,0.85,0.5889
15,3000,45000,0.43,0.85,0.5669
1,3000,3000,0.21,0.7,0.3496
2,3000,6000,0.21,0.7,0.3543
3,3000,9000,0.21,0.7,0.3471
4,3000,12000,0.21,0.7,0.3289
5,3000,15000,0.21,0.7,0.3218
6,3000,18000,0.21,0.7,0.3364
7,3000,21000,0.21,0.7,0.3392
8,3000,24000,0.21,0.7,0.3649
9,3000,27000,0.21,0.7,0.3663
10,3000,30000,0.21,0.7,0.3783
11,3000,33000,0.21,0.7,0.4159
12,3000,36000,0.21,0.7,0.3964
13,3000,39000,0.21,0.7,0.4333
14,3000,42000,0.21,0.7,0.4279
15,3000,45000,0.21,0.7,0.4217
6,1500,9000,0.63,0.93,0.4462
6,2500,15000,0.63,0.93,0.4977
6,3500,21000,0.63,0.93,0.5773
6,1500,9000,0.48,0.87,0.3365
6,2500,15000,0.48,0.87,0.418
6,3500,21000,0.48,0.87,0.4858
3,1500,4500,0.4,0.85,0.2606
3,2500,7500,0.4,0.85,0.2781
3,3500,10500,0.4,0.85,0.4469
1,4000,4000,1,1,0.4079
2,4000,8000,0.8,0.97,0.5585
3,4000,12000,0.4,0.85,0.4068
4,4000,16000,0.57,0.91,0.4858
5,4000,20000,0.4,0.85,0.4675
1,2500,2500,1,1,0.0848
2,2500,5000,0.8,0.97,0.2996
3,2500,7500,0.4,0.85,0.2569
4,2500,10000,0.57,0.91,0.3829
5,2500,12500,0.4,0.85,0.301
2,2000,4000,0.13,0.6,0.2011
2,2000,4000,0.17,0.65,0.2316
2,2000,4000,0.21,0.7,0.2342
2,2000,4000,0.27,0.75,0.2023
2,2000,4000,0.34,0.8,0.2599
2,2000,4000,0.43,0.85,0.2623
2,2000,4000,0.55,0.9,0.3041
2,2000,4000,0.57,0.91,0.3126
2,2000,4000,0.6,0.92,0.2751
2,2000,4000,0.63,0.93,0.3138
2,2000,4000,0.68,0.94,0.3391
2,2000,4000,0.71,0.95,0.3387
2,2000,4000,0.75,0.96,0.337
2,2000,4000,0.8,0.97,0.35
2,2000,4000,0.85,0.98,0.3703
2,2000,4000,0.91,0.99,0.3886
2,2000,4000,1,1,0.4024
2,3000,6000,0.13,0.6,0.3414
2,3000,6000,0.17,0.65,0.2999
2,3000,6000,0.21,0.7,0.322
2,3000,6000,0.27,0.75,0.2964
2,3000,6000,0.34,0.8,0.3676
2,3000,6000,0.43,0.85,0.4047
2,3000,6000,0.55,0.9,0.428
2,3000,6000,0.57,0.91,0.4032
2,3000,6000,0.6,0.92,0.4565
2,3000,6000,0.63,0.93,0.4482
2,3000,6000,0.68,0.94,0.4468
2,3000,6000,0.71,0.95,0.4645
2,3000,6000,0.75,0.96,0.4671
2,3000,6000,0.8,0.97,0.4998
2,3000,6000,0.85,0.98,0.5095
2,3000,6000,0.91,0.99,0.5178
2,3000,6000,1,1,0.5338
1,1500,1500,1,1,0.0866
1,2500,2500,1,1,0.2795
1,3500,3500,1,1,0.398
1,4500,4500,1,1,0.417
1,5500,5500,1,1,0.493
1,6500,6500,1,1,0.5667
1,7500,7500,1,1,0.594
1,8500,8500,1,1,0.6399
1,9500,9500,1,1,0.6382
1,10500,10500,1,1,0.7341
1,15500,15500,1,1,0.7364
1,30000,30000,1,1,0.7637
2,1500,3000,0.71,0.95,0.2888
2,2500,5000,0.71,0.95,0.3964
2,3500,7000,0.71,0.95,0.5241
2,4500,9000,0.71,0.95,0.4994
2,5500,11000,0.71,0.95,0.5544
2,6500,13000,0.71,0.95,0.6665
2,7500,15000,0.71,0.95,0.6586
2,8500,17000,0.71,0.95,0.6889
2,9500,19000,0.71,0.95,0.6934
2,10500,21000,0.71,0.95,0.7305
2,15500,31000,0.71,0.95,0.7278
3,1500,4500,0.71,0.95,0.315
3,2500,7500,0.71,0.95,0.4279
3,3500,10500,0.71,0.95,0.5227
3,4500,13500,0.71,0.95,0.6157
3,5500,16500,0.71,0.95,0.5774
3,6500,19500,0.71,0.95,0.658
3,7500,22500,0.71,0.95,0.6913
3,8500,25500,0.71,0.95,0.7028
3,9500,28500,0.71,0.95,0.7057
3,10500,31500,0.71,0.95,0.735
3,15500,46500,0.71,0.95,0.7469
